수집시각,순위,제목,저자,출판사,링크,이미지URL,이전순위,순위변동
2026-05-26 18:31,1,야마다의 학급일지 4,"아오미 루이, 김서은",서울미디어코믹스(서울문화사),https://www.aladin.co.kr/shop/wproduct.aspx?ItemId=394027323,https://image.aladin.co.kr/product/39402/73/cover500/k472139976_1.jpg,1,-
2026-05-26 18:31,2,싯다르타,"헤르만 헤세, 박병덕",민음사,https://www.aladin.co.kr/shop/wproduct.aspx?ItemId=329596,https://image.aladin.co.kr/product/32/95/cover500/s062934786_1.jpg,2,-
2026-05-26 18:31,3,사춘기 엄마의 오장육부,나민애,서교책방,https://www.aladin.co.kr/shop/wproduct.aspx?ItemId=390672114,https://image.aladin.co.kr/product/39067/21/cover500/k662137858_1.jpg,4,↑1
2026-05-26 18:31,4,불안한 날에 니체를 읽는다,"프리드리히 니체, 김상현",필름(Feelm),https://www.aladin.co.kr/shop/wproduct.aspx?ItemId=393699252,https://image.aladin.co.kr/product/39369/92/cover500/k372139668_1.jpg,6,↑2
2026-05-26 18:31,5,프로젝트 헤일메리,"앤디 위어, 강동혁",알에이치코리아(RHK),https://www.aladin.co.kr/shop/wproduct.aspx?ItemId=270454373,https://image.aladin.co.kr/product/27045/43/cover500/k692135851_3.jpg,5,-
2026-05-26 18:31,6,소중한 보물들 (민들레 에디션),이해인,김영사,https://www.aladin.co.kr/shop/wproduct.aspx?ItemId=393803700,https://image.aladin.co.kr/product/39380/37/cover500/k202139878_1.jpg,3,↓3
2026-05-26 18:31,7,안녕이라 그랬어,김애란,문학동네,https://www.aladin.co.kr/shop/wproduct.aspx?ItemId=365665217,https://image.aladin.co.kr/product/36566/52/cover500/s632135953_1.jpg,7,-
2026-05-26 18:31,8,최소한의 세계사,,"저자 친필 메세지 인쇄본 + 세계지도 메모패드, 세계사 연표 카드",https://www.aladin.co.kr/shop/wproduct.aspx?ItemId=392647802,https://image.aladin.co.kr/product/39264/78/cover500/k432138500_1.jpg,9,↑1
2026-05-26 18:31,9,ONE PIECE magazine 21 (ジャンプコミックス),,,https://www.aladin.co.kr/shop/wproduct.aspx?ItemId=390594676,https://image.aladin.co.kr/product/39059/46/cover500/4081024413g_1.jpg,15,↑6
2026-05-26 18:31,10,불가항력의 I LOVE YOU 8,"호시노 미즈키, 김서은",서울미디어코믹스(서울문화사),https://www.aladin.co.kr/shop/wproduct.aspx?ItemId=393769452,https://image.aladin.co.kr/product/39376/94/cover500/k052139772_1.jpg,10,-
2026-05-26 18:31,11,가르쳐줘 집사 2,"마사키 미치, 김수연",서울미디어코믹스(서울문화사),https://www.aladin.co.kr/shop/wproduct.aspx?ItemId=393769371,https://image.aladin.co.kr/product/39376/93/cover500/k912139772_1.jpg,8,↓3
2026-05-26 18:31,12,수족관,유래혁,포스터샵,https://www.aladin.co.kr/shop/wproduct.aspx?ItemId=330811810,https://image.aladin.co.kr/product/33081/18/cover500/k582937507_1.jpg,12,-
2026-05-26 18:31,13,품격 있는 대화를 위한 지식 브리핑,김진,북플레저,https://www.aladin.co.kr/shop/wproduct.aspx?ItemId=392447560,https://image.aladin.co.kr/product/39244/75/cover500/k782138107_2.jpg,14,↑1
2026-05-26 18:31,14,AND2BLE (앤더블) - 미니 1집 Sequence 01: Curiosity (POCAALBUM ver.),,,https://www.aladin.co.kr/shop/wproduct.aspx?ItemId=391651366,https://image.aladin.co.kr/product/39165/13/cover500/c212939600_1.jpg,13,↓1
2026-05-26 18:31,15,우월한 열등감,"알프레드 아들러, 김경일",저녁달,https://www.aladin.co.kr/shop/wproduct.aspx?ItemId=390788987,https://image.aladin.co.kr/product/39078/89/cover500/k942137951_1.jpg,11,↓4
2026-05-26 18:31,16,AND2BLE (앤더블) - 미니 1집 Sequence 01: Curiosity (Curious ver.),,,https://www.aladin.co.kr/shop/wproduct.aspx?ItemId=391651381,https://image.aladin.co.kr/product/39165/13/cover500/c222939600_1.jpg,16,-
2026-05-26 18:31,17,말하지 않고 말하기,김정운,21세기북스,https://www.aladin.co.kr/shop/wproduct.aspx?ItemId=391826086,https://image.aladin.co.kr/product/39182/60/cover500/k702138679_1.jpg,17,-
2026-05-26 18:31,18,카구라바치 10 (트리플특전판),호카조노 타케루,대원씨아이(만화),https://www.aladin.co.kr/shop/wproduct.aspx?ItemId=393688901,https://image.aladin.co.kr/product/39368/89/cover500/k592139565_2.jpg,22,↑4
2026-05-26 18:31,19,[북토크] <누구나 혼자 서는 순간이 온다> 김나이 북토크,김나이,북스톤,https://www.aladin.co.kr/shop/wproduct.aspx?ItemId=393121296,https://image.aladin.co.kr/product/39312/12/cover500/k482138035_2.jpg,,NEW
2026-05-26 18:31,20,주식투자를 잘한다는 것,육과장,노티스,https://www.aladin.co.kr/shop/wproduct.aspx?ItemId=391172295,https://image.aladin.co.kr/product/39117/22/cover500/k272137351_1.jpg,18,↓2
2026-05-26 18:31,21,내면 근력,"짐 머피, 지여울",윌북,https://www.aladin.co.kr/shop/wproduct.aspx?ItemId=388955379,https://image.aladin.co.kr/product/38895/53/cover500/k602137608_1.jpg,19,↓2
2026-05-26 18:31,22,[대여 페이백] 여덟 건의 완벽한 살인,"피터 스완슨, 노진선",푸른숲,https://www.aladin.co.kr/shop/wproduct.aspx?ItemId=388496558,https://image.aladin.co.kr/product/38849/65/cover500/e062638260_1.jpg,21,↓1
2026-05-26 18:31,23,혁오 - 23 [재발매],,,https://www.aladin.co.kr/shop/wproduct.aspx?ItemId=394027884,https://image.aladin.co.kr/product/39402/78/cover500/c652939116_1.jpg,20,↓3
2026-05-26 18:31,24,향기로운 꽃은 늠름하게 핀다 20 (더블특전판),미카미 사카,대원씨아이(만화),https://www.aladin.co.kr/shop/wproduct.aspx?ItemId=393544747,https://image.aladin.co.kr/product/39354/47/cover500/k442138638_1.jpg,24,-
2026-05-26 18:31,25,구멍청,백희나,Storybowl(스토리보울),https://www.aladin.co.kr/shop/wproduct.aspx?ItemId=391694882,https://image.aladin.co.kr/product/39169/48/cover500/k622138169_1.jpg,25,-
2026-05-26 18:31,26,산곡미풍,"위화, 백도라지",푸른숲,https://www.aladin.co.kr/shop/wproduct.aspx?ItemId=393493563,https://image.aladin.co.kr/product/39349/35/cover500/k042138539_2.jpg,23,↓3
2026-05-26 18:31,27,박곰희 연금 부자 수업,박곰희,인플루엔셜(주),https://www.aladin.co.kr/shop/wproduct.aspx?ItemId=366615290,https://image.aladin.co.kr/product/36661/52/cover500/k972030181_3.jpg,29,↑2
2026-05-26 18:31,28,1938 타이완 여행기,"양솽쯔, 김이삭",마티스블루,https://www.aladin.co.kr/shop/wproduct.aspx?ItemId=377713049,https://image.aladin.co.kr/product/37771/30/cover500/k252033568_2.jpg,26,↓2
2026-05-26 18:31,29,부의 사다리에 올라타라,"닉 매기울리, 박슬라",알에이치코리아(RHK),https://www.aladin.co.kr/shop/wproduct.aspx?ItemId=389340198,https://image.aladin.co.kr/product/38934/1/cover500/8925569574_1.jpg,34,↑5
2026-05-26 18:31,30,EBS FM Radio 입이 트이는 영어 2026.6,"이현석, 제니퍼 클라이드",동아출판(방송교재),https://www.aladin.co.kr/shop/wproduct.aspx?ItemId=393278810,https://image.aladin.co.kr/product/39327/88/cover500/k802138339_1.jpg,35,↑5
2026-05-26 18:31,31,코스모스,"칼 세이건, 홍승수",사이언스북스,https://www.aladin.co.kr/shop/wproduct.aspx?ItemId=870950,https://image.aladin.co.kr/product/87/9/cover500/s412032094_1.jpg,27,↓4
2026-05-26 18:31,32,2026 심우철 실전 동형 모의고사 Season 4,심우철,에스티유니타스,https://www.aladin.co.kr/shop/wproduct.aspx?ItemId=392440089,https://image.aladin.co.kr/product/39244/0/cover500/k312138106_1.jpg,28,↓4
2026-05-26 18:31,33,2026 선재국어 최우선 봉투 모의고사,,2026 선재국어 최우선 봉투 모의고사,https://www.aladin.co.kr/shop/wproduct.aspx?ItemId=390196640,https://image.aladin.co.kr/product/39019/66/cover500/k282137630_1.jpg,42,↑9
2026-05-26 18:31,34,백지 앞에서,최은영,문학동네,https://www.aladin.co.kr/shop/wproduct.aspx?ItemId=391370049,https://image.aladin.co.kr/product/39137/0/cover500/k732137654_1.jpg,30,↓4
2026-05-26 18:31,35,자몽살구클럽,한로로 (HANRORO),어센틱,https://www.aladin.co.kr/shop/wproduct.aspx?ItemId=368083714,https://image.aladin.co.kr/product/36808/37/cover500/k082030009_1.jpg,33,↓2
2026-05-26 18:31,36,일본어 마스터 1500,오현숙,길벗이지톡,https://www.aladin.co.kr/shop/wproduct.aspx?ItemId=383432735,https://image.aladin.co.kr/product/38343/27/cover500/k042135169_1.jpg,37,↑1
2026-05-26 18:31,37,부처님 말씀대로 살아보니,"토니 페르난도, 강정선",윌마,https://www.aladin.co.kr/shop/wproduct.aspx?ItemId=385370551,https://image.aladin.co.kr/product/38537/5/cover500/k732135332_1.jpg,39,↑2
2026-05-26 18:31,38,고양이 해결사 깜냥 9,"홍민정, 김재희",창비,https://www.aladin.co.kr/shop/wproduct.aspx?ItemId=393753673,https://image.aladin.co.kr/product/39375/36/cover500/8936450530_1.jpg,36,↓2
2026-05-26 18:31,39,돈의 심리학 (50만 부 기념 뉴 에디션),"모건 하우절, 이지연",인플루엔셜(주),https://www.aladin.co.kr/shop/wproduct.aspx?ItemId=383315006,https://image.aladin.co.kr/product/38331/50/cover500/k192034444_1.jpg,46,↑7
2026-05-26 18:31,40,봄의 꿈을 달리는 너에게,Shiho Hayashi,서울미디어코믹스(서울문화사),https://www.aladin.co.kr/shop/wproduct.aspx?ItemId=394027606,https://image.aladin.co.kr/product/39402/76/cover500/k772139976_1.jpg,,NEW
2026-05-26 18:31,41,체호프 단편선,"안톤 파블로비치 체호프, 박현섭",민음사,https://www.aladin.co.kr/shop/wproduct.aspx?ItemId=389003,https://image.aladin.co.kr/product/38/90/cover500/s552934787_1.jpg,32,↓9
2026-05-26 18:31,42,"2026 큰별쌤 최태성의 별★별한국사 한국사능력검정시험 심화(1, 2, 3급) 상",최태성,이투스북,https://www.aladin.co.kr/shop/wproduct.aspx?ItemId=378969369,https://image.aladin.co.kr/product/37896/93/cover500/k062033624_1.jpg,45,↑3
2026-05-26 18:31,43,양 선배는 혼자서 살아갈 수 없어 2,soon챠,대원씨아이(만화),https://www.aladin.co.kr/shop/wproduct.aspx?ItemId=393238375,https://image.aladin.co.kr/product/39323/83/cover500/k372138136_1.jpg,44,↑1
2026-05-26 18:31,44,완벽한 원시인,자청,필로틱,https://www.aladin.co.kr/shop/wproduct.aspx?ItemId=386947012,https://image.aladin.co.kr/product/38694/70/cover500/k612136721_2.jpg,31,↓13
2026-05-26 18:31,45,모순,양귀자,쓰다,https://www.aladin.co.kr/shop/wproduct.aspx?ItemId=25843736,https://image.aladin.co.kr/product/2584/37/cover500/8998441012_3.jpg,41,↓4
2026-05-26 18:31,46,니체의 초월자,"프리드리히 니체, 김철",히읏,https://www.aladin.co.kr/shop/wproduct.aspx?ItemId=375395519,https://image.aladin.co.kr/product/37539/55/cover500/k392032120_1.jpg,43,↓3
2026-05-26 18:31,47,브람스를 좋아하세요...,"프랑수아즈 사강, 김남주",민음사,https://www.aladin.co.kr/shop/wproduct.aspx?ItemId=2156605,https://image.aladin.co.kr/product/215/66/cover500/s252137206_1.jpg,52,↑5
2026-05-26 18:31,48,괴테는 모든 것을 말했다,"스즈키 유이, 이지수",리프,https://www.aladin.co.kr/shop/wproduct.aspx?ItemId=376765918,https://image.aladin.co.kr/product/37676/59/cover500/s612137162_1.jpg,47,↓1
2026-05-26 18:31,49,맥심 Maxim A형 2026.6,맥심코리아 편집부,와이미디어(잡지),https://www.aladin.co.kr/shop/wproduct.aspx?ItemId=393736258,https://image.aladin.co.kr/product/39373/62/cover500/k402139664_1.jpg,38,↓11
2026-05-26 18:31,50,사랑이 있으니 살아집디다,"유시민, 김세라",은빛,https://www.aladin.co.kr/shop/wproduct.aspx?ItemId=388509769,https://image.aladin.co.kr/product/38850/97/cover500/k992137800_2.jpg,57,↑7
2026-05-26 18:31,51,이향인,"라미 카민스키, 최지숙",21세기북스,https://www.aladin.co.kr/shop/wproduct.aspx?ItemId=387930371,https://image.aladin.co.kr/product/38793/3/cover500/k292137262_1.jpg,50,↓1
2026-05-26 18:31,52,김경일의 마음 트래킹,김경일,21세기북스,https://www.aladin.co.kr/shop/wproduct.aspx?ItemId=388791967,https://image.aladin.co.kr/product/38879/19/cover500/k272137204_1.jpg,60,↑8
2026-05-26 18:31,53,나는 고양이로소이다 (한정판),"나쓰메 소세키, 김난주",열린책들,https://www.aladin.co.kr/shop/wproduct.aspx?ItemId=393568799,https://image.aladin.co.kr/product/39356/87/cover500/8932925739_1.jpg,40,↓13
2026-05-26 18:31,54,김미경의 플러스 휴먼,김미경,어웨이크(AWAKE),https://www.aladin.co.kr/shop/wproduct.aspx?ItemId=393490963,https://image.aladin.co.kr/product/39349/9/cover500/k582138437_1.jpg,64,↑10
2026-05-26 18:31,55,포켓몬 생태도감,"주식회사 포켓몬, 기노시타 치히로, 이선희, 요네하라 요시나리",대원씨아이(단행본),https://www.aladin.co.kr/shop/wproduct.aspx?ItemId=391764120,https://image.aladin.co.kr/product/39176/41/cover500/k882138678_2.jpg,58,↑3
2026-05-26 18:31,56,인간을 인간답게 만드는 불완전함에 대하여,"팀 하포드, 윤영삼",윌마,https://www.aladin.co.kr/shop/wproduct.aspx?ItemId=391533418,https://image.aladin.co.kr/product/39153/34/cover500/k062138867_1.jpg,49,↓7
2026-05-26 18:31,57,"나도 내 마음을 모를 때, 불교심리학",보만,불광출판사,https://www.aladin.co.kr/shop/wproduct.aspx?ItemId=376922889,https://image.aladin.co.kr/product/37692/28/cover500/k602033962_1.jpg,76,↑19
2026-05-26 18:31,58,소년이 온다,한강,창비,https://www.aladin.co.kr/shop/wproduct.aspx?ItemId=40869703,https://image.aladin.co.kr/product/4086/97/cover500/8936434128_2.jpg,51,↓7
2026-05-26 18:31,59,ETS 토익 정기시험 기출문제집 1000 Vol. 5 Reading (리딩),ETS,(주)YBM(와이비엠),https://www.aladin.co.kr/shop/wproduct.aspx?ItemId=380347281,https://image.aladin.co.kr/product/38034/72/cover500/8917243800_2.jpg,72,↑13
2026-05-26 18:31,60,나나 NANA 완전판 9,야자와 아이,학산문화사(만화),https://www.aladin.co.kr/shop/wproduct.aspx?ItemId=394015605,https://image.aladin.co.kr/product/39401/56/cover500/k812139979_1.jpg,48,↓12
2026-05-26 18:31,61,죽은나무숲의 죽다 만 여우,"오브리 하트먼, 마르친 미노르, 황세림",위즈덤하우스,https://www.aladin.co.kr/shop/wproduct.aspx?ItemId=392922768,https://image.aladin.co.kr/product/39292/27/cover500/k472138602_2.jpg,62,↑1
2026-05-26 18:31,62,인생을 위한 최소한의 생각,"신영준, 고영성",상상스퀘어,https://www.aladin.co.kr/shop/wproduct.aspx?ItemId=385481121,https://image.aladin.co.kr/product/38548/11/cover500/k192135753_2.jpg,55,↓7
2026-05-26 18:31,63,만희네 꽃밭,권윤덕,길벗어린이,https://www.aladin.co.kr/shop/wproduct.aspx?ItemId=393581413,https://image.aladin.co.kr/product/39358/14/cover500/8955828438_1.jpg,63,-
2026-05-26 18:31,64,"하루 한 장, 단단한 삶을 위한 고전 필사 노트",김선영,현대지성,https://www.aladin.co.kr/shop/wproduct.aspx?ItemId=390286908,https://image.aladin.co.kr/product/39028/69/cover500/k982137743_1.jpg,56,↓8
2026-05-26 18:31,65,맥심 Maxim B형 2026.6,맥심코리아 편집부,와이미디어(잡지),https://www.aladin.co.kr/shop/wproduct.aspx?ItemId=393736186,https://image.aladin.co.kr/product/39373/61/cover500/k482139664_1.jpg,54,↓11
2026-05-26 18:31,66,제미나이 주식투자,조성호,길벗,https://www.aladin.co.kr/shop/wproduct.aspx?ItemId=389332897,https://image.aladin.co.kr/product/38933/28/cover500/k632137911_1.jpg,65,↓1
2026-05-26 18:31,67,EBS FM Radio Easy English 초급 영어 회화 2026.6,"이보영, 남주철",동아출판(방송교재),https://www.aladin.co.kr/shop/wproduct.aspx?ItemId=393278181,https://image.aladin.co.kr/product/39327/81/cover500/k732138339_1.jpg,,NEW
2026-05-26 18:31,68,길고양이와 늑대 6,"미츠바치 미유키, 이슬",학산문화사(만화),https://www.aladin.co.kr/shop/wproduct.aspx?ItemId=392519237,https://image.aladin.co.kr/product/39251/92/cover500/k842138302_1.jpg,67,↓1
2026-05-26 18:31,69,"2026 큰별쌤 최태성의 별★별한국사 한국사능력검정시험 심화(1, 2, 3급) 하",최태성,이투스북,https://www.aladin.co.kr/shop/wproduct.aspx?ItemId=378969617,https://image.aladin.co.kr/product/37896/96/cover500/k082033624_2.jpg,66,↓3
2026-05-26 18:31,70,본투리드 초저점도 3색 볼펜 0.7mm,,본투리드 초저점도 3색 볼펜 0.7mm,https://www.aladin.co.kr/shop/wproduct.aspx?ItemId=312244903,https://image.aladin.co.kr/product/31224/49/cover500/g392431795_1.jpg,59,↓11
2026-05-26 18:31,71,2026 제17회 젊은작가상 수상작품집,"김채원, 길란, 남의현, 서장원, 위수정, 이미상, 함윤이",문학동네,https://www.aladin.co.kr/shop/wproduct.aspx?ItemId=389894398,https://image.aladin.co.kr/product/38989/43/cover500/k232137415_1.jpg,61,↓10
2026-05-26 18:31,72,무례한 세상에서 나를 지키는 법,"발타사르 그라시안, 하와이 대저택",논픽션,https://www.aladin.co.kr/shop/wproduct.aspx?ItemId=388169547,https://image.aladin.co.kr/product/38816/95/cover500/k382137182_1.jpg,71,↓1
2026-05-26 18:31,73,흔한남매 22,"흔한남매, 백난도, 유난희, 흔한컴퍼니",미래엔아이세움,https://www.aladin.co.kr/shop/wproduct.aspx?ItemId=391347886,https://image.aladin.co.kr/product/39134/78/cover500/k982137650_1.jpg,,NEW
2026-05-26 18:31,74,엘르 Elle B형 2026.6 (표지 : 고윤정),허스트중앙 편집부,허스트중앙(Hearst-Joongang),https://www.aladin.co.kr/shop/wproduct.aspx?ItemId=393491093,https://image.aladin.co.kr/product/39349/10/cover500/k902138538_1.jpg,89,↑15
2026-05-26 18:31,75,생명의 삶 2026.6 (개역개정판),생명의삶 편집부,두란노(잡지),https://www.aladin.co.kr/shop/wproduct.aspx?ItemId=392935387,https://image.aladin.co.kr/product/39293/53/cover500/k612138603_1.jpg,87,↑12
2026-05-26 18:31,76,달과 6펜스,"서머싯 몸, 송무",민음사,https://www.aladin.co.kr/shop/wproduct.aspx?ItemId=237763,https://image.aladin.co.kr/product/23/77/cover500/s692639624_2.jpg,68,↓8
2026-05-26 18:31,77,히카루가 죽은 여름 8,"모쿠모쿠렌, 송재희",디앤씨미디어(주)(D&C미디어),https://www.aladin.co.kr/shop/wproduct.aspx?ItemId=393311014,https://image.aladin.co.kr/product/39331/10/cover500/k192138334_1.jpg,77,-
2026-05-26 18:31,78,데미안,"헤르만 헤세, 전영애",민음사,https://www.aladin.co.kr/shop/wproduct.aspx?ItemId=260084,https://image.aladin.co.kr/product/26/0/cover500/s742633278_2.jpg,70,↓8
2026-05-26 18:31,79,문워크,"마이클 잭슨 (Michael Jackson), 공경희",미르북컴퍼니,https://www.aladin.co.kr/shop/wproduct.aspx?ItemId=392662911,https://image.aladin.co.kr/product/39266/29/cover500/k592138503_1.jpg,92,↑13
2026-05-26 18:31,80,ETS 토익 정기시험 기출문제집 1000 Vol. 5 Listening (리스닝),,,https://www.aladin.co.kr/shop/wproduct.aspx?ItemId=380347074,https://image.aladin.co.kr/product/38034/70/cover500/8917243797_2.jpg,78,↓2
2026-05-26 18:31,81,흔한남매 세계사 탐험대 6,"진서, 흔한남매, 팀키즈, 박현도, 흔한컴퍼니, 전국역사교사모임 세계사 분과",주니어김영사,https://www.aladin.co.kr/shop/wproduct.aspx?ItemId=394016055,https://image.aladin.co.kr/product/39401/60/cover500/k712139970_1.jpg,69,↓12
2026-05-26 18:31,82,바른 자세를 위한 인형,,,https://www.aladin.co.kr/shop/wproduct.aspx?ItemId=387308619,https://image.aladin.co.kr/product/38730/86/cover500/g362432001_1.jpg,,NEW
2026-05-26 18:31,83,도쿄 에일리언즈 12 (트리플 특장판),"NAOE, 박소현",서울미디어코믹스(서울문화사),https://www.aladin.co.kr/shop/wproduct.aspx?ItemId=393250501,https://image.aladin.co.kr/product/39325/5/cover500/k592138230_1.jpg,97,↑14
2026-05-26 18:31,84,2026 써니 행정법총론 봉투모의고사,박준철,제이씨에듀,https://www.aladin.co.kr/shop/wproduct.aspx?ItemId=389503783,https://image.aladin.co.kr/product/38950/37/cover500/k822137116_1.jpg,73,↓11
2026-05-26 18:31,85,AND2BLE (앤더블) - 미니 1집 Sequence 01: Curiosity (Break ver.),,,https://www.aladin.co.kr/shop/wproduct.aspx?ItemId=391651335,https://image.aladin.co.kr/product/39165/13/cover500/c202939600_2.jpg,79,↓6
2026-05-26 18:31,86,뉴필로소퍼 2026 34호,,,https://www.aladin.co.kr/shop/wproduct.aspx?ItemId=389480666,https://image.aladin.co.kr/product/38948/6/cover500/k952137119_1.jpg,82,↓4
2026-05-26 18:31,87,복잡한 마음을 정리하는 작은 책장,,,https://www.aladin.co.kr/shop/wproduct.aspx?ItemId=381043956,https://image.aladin.co.kr/product/38104/39/cover500/g492432495_1.jpg,86,↓1
2026-05-26 18:31,88,2026 문동균 한국사 지방직 대비 실전 봉투 모의고사,문동균,에스티유니타스,https://www.aladin.co.kr/shop/wproduct.aspx?ItemId=388590061,https://image.aladin.co.kr/product/38859/0/cover500/k572137000_1.jpg,75,↓13
2026-05-26 18:31,89,소수빈 - EVERY [Ivory LP],,,https://www.aladin.co.kr/shop/wproduct.aspx?ItemId=393512794,https://image.aladin.co.kr/product/39351/27/cover500/c052939011_1.jpg,74,↓15
2026-05-26 18:31,90,LaLa(ララ) 2026年 7月號 [雜誌],,,https://www.aladin.co.kr/shop/wproduct.aspx?ItemId=390056315,https://image.aladin.co.kr/product/39005/63/cover500/f022137329_1.jpg,88,↓2
2026-05-26 18:31,91,다크 심리학 2,다크 사이드 프로젝트,어센딩,https://www.aladin.co.kr/shop/wproduct.aspx?ItemId=388879813,https://image.aladin.co.kr/product/38887/98/cover500/k952137405_1.jpg,93,↑2
2026-05-26 18:31,92,AND2BLE (앤더블) - 미니 1집 Sequence 01: Curiosity (Gazed ver.),,,https://www.aladin.co.kr/shop/wproduct.aspx?ItemId=391651319,https://image.aladin.co.kr/product/39165/13/cover500/c292939600_2.jpg,91,↓1
2026-05-26 18:31,93,오만과 편견,"제인 오스틴, 윤지관, 전승희",민음사,https://www.aladin.co.kr/shop/wproduct.aspx?ItemId=436838,https://image.aladin.co.kr/product/43/68/cover500/s937460882_1.jpg,,NEW
2026-05-26 18:31,94,날마다 솟는 샘물 2026.6,사랑의교회 편집부,국제제자훈련원(DMI.디엠출판유통),https://www.aladin.co.kr/shop/wproduct.aspx?ItemId=392478168,https://image.aladin.co.kr/product/39247/81/cover500/k112138202_1.jpg,96,↑2
2026-05-26 18:31,95,영어책 한 권 외워봤니? 뉴 에디션,김민식,위즈덤하우스,https://www.aladin.co.kr/shop/wproduct.aspx?ItemId=376052216,https://image.aladin.co.kr/product/37605/22/cover500/k962032835_1.jpg,95,-
2026-05-26 18:31,96,인 메모리엄,"앨리스 윈, 이나경",다산책방,https://www.aladin.co.kr/shop/wproduct.aspx?ItemId=392918622,https://image.aladin.co.kr/product/39291/86/cover500/k092138602_1.jpg,98,↑2
2026-05-26 18:31,97,꾸준함을 기르는 일,수풀림,다산북스,https://www.aladin.co.kr/shop/wproduct.aspx?ItemId=391454505,https://image.aladin.co.kr/product/39145/45/cover500/k692138763_1.jpg,80,↓17
2026-05-26 18:31,98,3헤드 접이식 무선 클립 독서등,,,https://www.aladin.co.kr/shop/wproduct.aspx?ItemId=370285040,https://image.aladin.co.kr/product/37028/50/cover500/g242432580_2.jpg,,NEW
